"","date_of_interest","boro","case_count","hospitalized_count","death_count"
"1",2020-02-29,"Brooklyn",0,4,0
"2",2020-03-01,"Brooklyn",0,0,0
"3",2020-03-02,"Brooklyn",0,4,0
"4",2020-03-03,"Brooklyn",0,5,0
"5",2020-03-04,"Brooklyn",1,5,0
"6",2020-03-05,"Brooklyn",3,5,0
"7",2020-03-06,"Brooklyn",1,3,0
"8",2020-03-07,"Brooklyn",2,6,0
"9",2020-03-08,"Brooklyn",5,9,0
"10",2020-03-09,"Brooklyn",16,15,0
"11",2020-03-10,"Brooklyn",11,13,0
"12",2020-03-11,"Brooklyn",31,15,0
"13",2020-03-12,"Brooklyn",96,30,0
"14",2020-03-13,"Brooklyn",167,39,0
"15",2020-03-14,"Brooklyn",164,38,1
"16",2020-03-15,"Brooklyn",433,44,0
"17",2020-03-16,"Brooklyn",740,86,1
"18",2020-03-17,"Brooklyn",785,99,4
"19",2020-03-18,"Brooklyn",967,115,6
"20",2020-03-19,"Brooklyn",1204,149,6
"21",2020-03-20,"Brooklyn",1138,187,11
"22",2020-03-21,"Brooklyn",555,171,12
"23",2020-03-22,"Brooklyn",756,183,10
"24",2020-03-23,"Brooklyn",909,277,27
"25",2020-03-24,"Brooklyn",1212,303,23
"26",2020-03-25,"Brooklyn",1240,384,36
"27",2020-03-26,"Brooklyn",1377,459,50
"28",2020-03-27,"Brooklyn",1434,416,75
"29",2020-03-28,"Brooklyn",862,371,78
"30",2020-03-29,"Brooklyn",1147,429,90
"31",2020-03-30,"Brooklyn",1761,522,106
"32",2020-03-31,"Brooklyn",1519,495,126
"33",2020-04-01,"Brooklyn",1609,473,135
"34",2020-04-02,"Brooklyn",1643,408,168
"35",2020-04-03,"Brooklyn",1448,406,141
"36",2020-04-04,"Brooklyn",923,345,163
"37",2020-04-05,"Brooklyn",1151,374,167
"38",2020-04-06,"Brooklyn",1498,468,169
"39",2020-04-07,"Brooklyn",1421,485,179
"40",2020-04-08,"Brooklyn",1325,427,173
"41",2020-04-09,"Brooklyn",1373,415,190
"42",2020-04-10,"Brooklyn",1158,344,178
"43",2020-04-11,"Brooklyn",1130,304,160
"44",2020-04-12,"Brooklyn",701,263,200
"45",2020-04-13,"Brooklyn",1065,341,159
"46",2020-04-14,"Brooklyn",1037,276,153
"47",2020-04-15,"Brooklyn",883,284,131
"48",2020-04-16,"Brooklyn",885,247,126
"49",2020-04-17,"Brooklyn",959,262,118
"50",2020-04-18,"Brooklyn",574,177,117
"51",2020-04-19,"Brooklyn",636,140,118
"52",2020-04-20,"Brooklyn",982,213,95
"53",2020-04-21,"Brooklyn",900,175,91
"54",2020-04-22,"Brooklyn",853,160,108
"55",2020-04-23,"Brooklyn",791,159,106
"56",2020-04-24,"Brooklyn",630,142,93
"57",2020-04-25,"Brooklyn",404,107,76
"58",2020-04-26,"Brooklyn",332,89,61
"59",2020-04-27,"Brooklyn",610,116,88
"60",2020-04-28,"Brooklyn",715,125,57
"61",2020-04-29,"Brooklyn",682,120,72
"62",2020-04-30,"Brooklyn",600,98,66
"63",2020-05-01,"Brooklyn",498,88,55
"64",2020-05-02,"Brooklyn",264,62,46
"65",2020-05-03,"Brooklyn",248,61,46
"66",2020-05-04,"Brooklyn",462,91,42
"67",2020-05-05,"Brooklyn",434,76,49
"68",2020-05-06,"Brooklyn",452,77,38
"69",2020-05-07,"Brooklyn",402,89,45
"70",2020-05-08,"Brooklyn",344,78,43
"71",2020-05-09,"Brooklyn",119,58,28
"72",2020-05-10,"Brooklyn",188,46,26
"73",2020-05-11,"Brooklyn",410,78,32
"74",2020-05-12,"Brooklyn",400,61,33
"75",2020-05-13,"Brooklyn",363,69,23
"76",2020-05-14,"Brooklyn",332,62,14
"77",2020-05-15,"Brooklyn",259,61,26
"78",2020-05-16,"Brooklyn",165,46,24
"79",2020-05-17,"Brooklyn",137,38,19
"80",2020-05-18,"Brooklyn",268,61,16
"81",2020-05-19,"Brooklyn",329,67,16
"82",2020-05-20,"Brooklyn",327,51,21
"83",2020-05-21,"Brooklyn",345,67,15
"84",2020-05-22,"Brooklyn",386,63,15
"85",2020-05-23,"Brooklyn",163,34,20
"86",2020-05-24,"Brooklyn",179,34,12
"87",2020-05-25,"Brooklyn",175,32,14
"88",2020-05-26,"Brooklyn",339,34,11
"89",2020-05-27,"Brooklyn",254,53,11
"90",2020-05-28,"Brooklyn",227,48,12
"91",2020-05-29,"Brooklyn",171,33,16
"92",2020-05-30,"Brooklyn",112,31,11
"93",2020-05-31,"Brooklyn",80,26,11
"94",2020-06-01,"Brooklyn",252,37,10
"95",2020-06-02,"Brooklyn",190,31,6
"96",2020-06-03,"Brooklyn",137,38,13
"97",2020-06-04,"Brooklyn",129,31,10
"98",2020-06-05,"Brooklyn",132,20,6
"99",2020-06-06,"Brooklyn",59,12,10
"100",2020-06-07,"Brooklyn",53,16,5
"101",2020-06-08,"Brooklyn",111,20,13
"102",2020-06-09,"Brooklyn",124,17,6
"103",2020-06-10,"Brooklyn",99,9,11
"104",2020-06-11,"Brooklyn",106,13,4
"105",2020-06-12,"Brooklyn",122,21,6
"106",2020-06-13,"Brooklyn",53,8,4
"107",2020-06-14,"Brooklyn",53,12,7
"108",2020-06-15,"Brooklyn",102,19,4
"109",2020-06-16,"Brooklyn",133,16,5
"110",2020-06-17,"Brooklyn",112,10,7
"111",2020-06-18,"Brooklyn",111,13,4
"112",2020-06-19,"Brooklyn",90,22,3
"113",2020-06-20,"Brooklyn",46,10,4
"114",2020-06-21,"Brooklyn",52,15,6
"115",2020-06-22,"Brooklyn",109,16,7
"116",2020-06-23,"Brooklyn",96,12,9
"117",2020-06-24,"Brooklyn",101,12,11
"118",2020-06-25,"Brooklyn",82,8,5
"119",2020-06-26,"Brooklyn",94,15,3
"120",2020-06-27,"Brooklyn",69,18,11
"121",2020-06-28,"Brooklyn",58,10,1
"122",2020-06-29,"Brooklyn",127,18,5
"123",2020-06-30,"Brooklyn",133,15,5
"124",2020-07-01,"Brooklyn",120,9,5
"125",2020-07-02,"Brooklyn",130,8,4
"126",2020-07-03,"Brooklyn",72,13,6
"127",2020-07-04,"Brooklyn",23,6,6
"128",2020-07-05,"Brooklyn",54,3,5
"129",2020-07-06,"Brooklyn",143,18,4
"130",2020-07-07,"Brooklyn",123,6,4
"131",2020-07-08,"Brooklyn",123,11,5
"132",2020-07-09,"Brooklyn",105,8,4
"133",2020-07-10,"Brooklyn",91,15,3
"134",2020-07-11,"Brooklyn",73,11,2
"135",2020-07-12,"Brooklyn",56,5,4
"136",2020-07-13,"Brooklyn",122,14,2
"137",2020-07-14,"Brooklyn",110,7,4
"138",2020-07-15,"Brooklyn",150,12,2
"139",2020-07-16,"Brooklyn",91,7,3
"140",2020-07-17,"Brooklyn",103,14,0
"141",2020-07-18,"Brooklyn",58,7,5
"142",2020-07-19,"Brooklyn",39,9,3
"143",2020-07-20,"Brooklyn",85,7,4
"144",2020-07-21,"Brooklyn",79,7,5
"145",2020-07-22,"Brooklyn",95,12,1
"146",2020-07-23,"Brooklyn",84,12,5
"147",2020-07-24,"Brooklyn",67,10,2
"148",2020-07-25,"Brooklyn",35,9,2
"149",2020-07-26,"Brooklyn",40,2,4
"150",2020-07-27,"Brooklyn",84,13,2
"151",2020-07-28,"Brooklyn",105,12,1
"152",2020-07-29,"Brooklyn",72,8,1
"153",2020-07-30,"Brooklyn",94,12,2
"154",2020-07-31,"Brooklyn",79,7,1
"155",2020-08-01,"Brooklyn",54,9,3
"156",2020-08-02,"Brooklyn",40,6,2
"157",2020-08-03,"Brooklyn",94,8,0
"158",2020-08-04,"Brooklyn",49,7,2
"159",2020-08-05,"Brooklyn",97,7,0
"160",2020-08-06,"Brooklyn",83,8,2
"161",2020-08-07,"Brooklyn",93,6,0
"162",2020-08-08,"Brooklyn",55,4,1
"163",2020-08-09,"Brooklyn",48,9,0
"164",2020-08-10,"Brooklyn",74,7,1
"165",2020-08-11,"Brooklyn",82,7,1
"166",2020-08-12,"Brooklyn",113,6,0
"167",2020-08-13,"Brooklyn",81,11,2
"168",2020-08-14,"Brooklyn",77,5,1
"169",2020-08-15,"Brooklyn",33,6,2
"170",2020-08-16,"Brooklyn",48,2,1
"171",2020-08-17,"Brooklyn",93,5,1
"172",2020-08-18,"Brooklyn",62,7,0
"173",2020-08-19,"Brooklyn",67,12,1
"174",2020-08-20,"Brooklyn",52,4,2
"175",2020-08-21,"Brooklyn",70,9,0
"176",2020-08-22,"Brooklyn",37,4,1
"177",2020-08-23,"Brooklyn",51,6,0
"178",2020-08-24,"Brooklyn",83,6,1
"179",2020-08-25,"Brooklyn",72,6,0
"180",2020-08-26,"Brooklyn",81,8,0
"181",2020-08-27,"Brooklyn",42,7,0
"182",2020-08-28,"Brooklyn",16,1,0
"183",2020-08-29,"Brooklyn",1,0,0
"184",2020-02-29,"Bronx",0,3,0
"185",2020-03-01,"Bronx",0,1,0
"186",2020-03-02,"Bronx",0,9,0
"187",2020-03-03,"Bronx",1,7,0
"188",2020-03-04,"Bronx",0,6,0
"189",2020-03-05,"Bronx",0,2,0
"190",2020-03-06,"Bronx",2,5,0
"191",2020-03-07,"Bronx",0,2,0
"192",2020-03-08,"Bronx",4,2,0
"193",2020-03-09,"Bronx",4,11,0
"194",2020-03-10,"Bronx",8,8,0
"195",2020-03-11,"Bronx",19,20,0
"196",2020-03-12,"Bronx",29,16,0
"197",2020-03-13,"Bronx",79,34,0
"198",2020-03-14,"Bronx",86,26,0
"199",2020-03-15,"Bronx",119,34,1
"200",2020-03-16,"Bronx",304,65,3
"201",2020-03-17,"Bronx",343,65,1
"202",2020-03-18,"Bronx",483,98,1
"203",2020-03-19,"Bronx",623,120,4
"204",2020-03-20,"Bronx",723,112,13
"205",2020-03-21,"Bronx",487,152,12
"206",2020-03-22,"Bronx",493,163,12
"207",2020-03-23,"Bronx",732,206,12
"208",2020-03-24,"Bronx",926,253,14
"209",2020-03-25,"Bronx",1062,288,31
"210",2020-03-26,"Bronx",999,304,37
"211",2020-03-27,"Bronx",1088,302,35
"212",2020-03-28,"Bronx",762,302,62
"213",2020-03-29,"Bronx",700,309,55
"214",2020-03-30,"Bronx",1311,317,75
"215",2020-03-31,"Bronx",1284,357,97
"216",2020-04-01,"Bronx",1238,345,93
"217",2020-04-02,"Bronx",1286,343,97
"218",2020-04-03,"Bronx",1449,359,116
"219",2020-04-04,"Bronx",1011,285,107
"220",2020-04-05,"Bronx",822,318,123
"221",2020-04-06,"Bronx",1509,383,112
"222",2020-04-07,"Bronx",1465,334,115
"223",2020-04-08,"Bronx",1302,372,114
"224",2020-04-09,"Bronx",1283,302,108
"225",2020-04-10,"Bronx",1229,303,118
"226",2020-04-11,"Bronx",996,265,133
"227",2020-04-12,"Bronx",762,239,110
"228",2020-04-13,"Bronx",692,280,122
"229",2020-04-14,"Bronx",1075,218,111
"230",2020-04-15,"Bronx",1066,221,94
"231",2020-04-16,"Bronx",936,199,86
"232",2020-04-17,"Bronx",912,190,88
"233",2020-04-18,"Bronx",552,160,62
"234",2020-04-19,"Bronx",532,154,78
"235",2020-04-20,"Bronx",980,168,78
"236",2020-04-21,"Bronx",638,150,70
"237",2020-04-22,"Bronx",924,131,67
"238",2020-04-23,"Bronx",733,130,59
"239",2020-04-24,"Bronx",579,116,62
"240",2020-04-25,"Bronx",414,104,57
"241",2020-04-26,"Bronx",196,87,54
"242",2020-04-27,"Bronx",552,116,54
"243",2020-04-28,"Bronx",669,110,56
"244",2020-04-29,"Bronx",557,97,40
"245",2020-04-30,"Bronx",484,73,45
"246",2020-05-01,"Bronx",446,95,45
"247",2020-05-02,"Bronx",262,65,49
"248",2020-05-03,"Bronx",151,58,27
"249",2020-05-04,"Bronx",349,69,35
"250",2020-05-05,"Bronx",294,86,27
"251",2020-05-06,"Bronx",279,72,29
"252",2020-05-07,"Bronx",297,60,28
"253",2020-05-08,"Bronx",252,70,22
"254",2020-05-09,"Bronx",175,47,21
"255",2020-05-10,"Bronx",75,37,13
"256",2020-05-11,"Bronx",227,54,27
"257",2020-05-12,"Bronx",355,53,20
"258",2020-05-13,"Bronx",462,53,16
"259",2020-05-14,"Bronx",256,47,11
"260",2020-05-15,"Bronx",182,57,16
"261",2020-05-16,"Bronx",109,30,26
"262",2020-05-17,"Bronx",56,25,19
"263",2020-05-18,"Bronx",186,34,10
"264",2020-05-19,"Bronx",176,39,11
"265",2020-05-20,"Bronx",272,38,15
"266",2020-05-21,"Bronx",193,32,12
"267",2020-05-22,"Bronx",259,42,12
"268",2020-05-23,"Bronx",88,27,17
"269",2020-05-24,"Bronx",98,24,13
"270",2020-05-25,"Bronx",98,32,8
"271",2020-05-26,"Bronx",272,41,10
"272",2020-05-27,"Bronx",174,23,9
"273",2020-05-28,"Bronx",114,22,12
"274",2020-05-29,"Bronx",159,43,6
"275",2020-05-30,"Bronx",76,26,13
"276",2020-05-31,"Bronx",30,17,6
"277",2020-06-01,"Bronx",154,27,3
"278",2020-06-02,"Bronx",117,24,7
"279",2020-06-03,"Bronx",105,19,11
"280",2020-06-04,"Bronx",127,28,4
"281",2020-06-05,"Bronx",103,17,9
"282",2020-06-06,"Bronx",51,17,12
"283",2020-06-07,"Bronx",43,19,7
"284",2020-06-08,"Bronx",97,17,10
"285",2020-06-09,"Bronx",83,17,6
"286",2020-06-10,"Bronx",74,14,8
"287",2020-06-11,"Bronx",66,15,6
"288",2020-06-12,"Bronx",78,14,5
"289",2020-06-13,"Bronx",46,9,4
"290",2020-06-14,"Bronx",27,12,8
"291",2020-06-15,"Bronx",79,15,5
"292",2020-06-16,"Bronx",79,13,4
"293",2020-06-17,"Bronx",68,13,2
"294",2020-06-18,"Bronx",61,7,1
"295",2020-06-19,"Bronx",82,10,3
"296",2020-06-20,"Bronx",53,7,5
"297",2020-06-21,"Bronx",25,6,5
"298",2020-06-22,"Bronx",89,10,2
"299",2020-06-23,"Bronx",73,14,8
"300",2020-06-24,"Bronx",89,8,2
"301",2020-06-25,"Bronx",64,14,4
"302",2020-06-26,"Bronx",65,10,5
"303",2020-06-27,"Bronx",27,8,1
"304",2020-06-28,"Bronx",35,10,3
"305",2020-06-29,"Bronx",76,8,7
"306",2020-06-30,"Bronx",77,8,5
"307",2020-07-01,"Bronx",62,7,1
"308",2020-07-02,"Bronx",73,9,2
"309",2020-07-03,"Bronx",40,3,7
"310",2020-07-04,"Bronx",21,4,2
"311",2020-07-05,"Bronx",19,5,6
"312",2020-07-06,"Bronx",67,8,4
"313",2020-07-07,"Bronx",111,20,2
"314",2020-07-08,"Bronx",82,9,3
"315",2020-07-09,"Bronx",91,20,3
"316",2020-07-10,"Bronx",65,8,4
"317",2020-07-11,"Bronx",40,7,2
"318",2020-07-12,"Bronx",43,7,2
"319",2020-07-13,"Bronx",108,15,4
"320",2020-07-14,"Bronx",67,12,1
"321",2020-07-15,"Bronx",108,7,4
"322",2020-07-16,"Bronx",94,13,2
"323",2020-07-17,"Bronx",74,12,2
"324",2020-07-18,"Bronx",55,9,2
"325",2020-07-19,"Bronx",39,10,1
"326",2020-07-20,"Bronx",92,11,2
"327",2020-07-21,"Bronx",71,5,4
"328",2020-07-22,"Bronx",77,7,3
"329",2020-07-23,"Bronx",69,5,0
"330",2020-07-24,"Bronx",73,12,2
"331",2020-07-25,"Bronx",25,11,6
"332",2020-07-26,"Bronx",30,6,2
"333",2020-07-27,"Bronx",59,14,1
"334",2020-07-28,"Bronx",57,12,5
"335",2020-07-29,"Bronx",81,6,1
"336",2020-07-30,"Bronx",55,8,1
"337",2020-07-31,"Bronx",54,6,1
"338",2020-08-01,"Bronx",36,5,3
"339",2020-08-02,"Bronx",30,6,0
"340",2020-08-03,"Bronx",95,12,1
"341",2020-08-04,"Bronx",49,15,1
"342",2020-08-05,"Bronx",66,9,2
"343",2020-08-06,"Bronx",67,9,1
"344",2020-08-07,"Bronx",56,5,3
"345",2020-08-08,"Bronx",29,7,1
"346",2020-08-09,"Bronx",20,8,1
"347",2020-08-10,"Bronx",82,8,2
"348",2020-08-11,"Bronx",67,7,1
"349",2020-08-12,"Bronx",59,6,2
"350",2020-08-13,"Bronx",55,11,1
"351",2020-08-14,"Bronx",68,9,1
"352",2020-08-15,"Bronx",42,8,3
"353",2020-08-16,"Bronx",23,12,2
"354",2020-08-17,"Bronx",72,9,1
"355",2020-08-18,"Bronx",53,15,2
"356",2020-08-19,"Bronx",54,3,1
"357",2020-08-20,"Bronx",57,11,2
"358",2020-08-21,"Bronx",51,12,0
"359",2020-08-22,"Bronx",31,3,1
"360",2020-08-23,"Bronx",31,3,3
"361",2020-08-24,"Bronx",57,14,3
"362",2020-08-25,"Bronx",45,11,2
"363",2020-08-26,"Bronx",43,9,0
"364",2020-08-27,"Bronx",16,5,1
"365",2020-08-28,"Bronx",15,2,0
"366",2020-08-29,"Bronx",1,0,0
"367",2020-02-29,"Manhattan",1,2,0
"368",2020-03-01,"Manhattan",0,0,0
"369",2020-03-02,"Manhattan",0,4,0
"370",2020-03-03,"Manhattan",0,2,0
"371",2020-03-04,"Manhattan",2,6,0
"372",2020-03-05,"Manhattan",0,6,0
"373",2020-03-06,"Manhattan",3,3,0
"374",2020-03-07,"Manhattan",1,4,0
"375",2020-03-08,"Manhattan",6,1,0
"376",2020-03-09,"Manhattan",25,12,0
"377",2020-03-10,"Manhattan",24,13,0
"378",2020-03-11,"Manhattan",62,22,0
"379",2020-03-12,"Manhattan",137,13,0
"380",2020-03-13,"Manhattan",182,30,0
"381",2020-03-14,"Manhattan",177,29,0
"382",2020-03-15,"Manhattan",207,30,2
"383",2020-03-16,"Manhattan",458,41,0
"384",2020-03-17,"Manhattan",568,60,0
"385",2020-03-18,"Manhattan",539,82,4
"386",2020-03-19,"Manhattan",555,96,4
"387",2020-03-20,"Manhattan",654,109,11
"388",2020-03-21,"Manhattan",400,115,5
"389",2020-03-22,"Manhattan",317,124,8
"390",2020-03-23,"Manhattan",533,174,7
"391",2020-03-24,"Manhattan",625,188,17
"392",2020-03-25,"Manhattan",593,182,20
"393",2020-03-26,"Manhattan",629,215,33
"394",2020-03-27,"Manhattan",656,201,42
"395",2020-03-28,"Manhattan",386,203,28
"396",2020-03-29,"Manhattan",407,157,35
"397",2020-03-30,"Manhattan",805,255,34
"398",2020-03-31,"Manhattan",625,214,42
"399",2020-04-01,"Manhattan",574,174,59
"400",2020-04-02,"Manhattan",653,226,62
"401",2020-04-03,"Manhattan",674,257,52
"402",2020-04-04,"Manhattan",384,192,63
"403",2020-04-05,"Manhattan",359,181,86
"404",2020-04-06,"Manhattan",720,259,69
"405",2020-04-07,"Manhattan",604,189,92
"406",2020-04-08,"Manhattan",544,173,66
"407",2020-04-09,"Manhattan",563,202,65
"408",2020-04-10,"Manhattan",500,188,69
"409",2020-04-11,"Manhattan",309,129,59
"410",2020-04-12,"Manhattan",254,140,62
"411",2020-04-13,"Manhattan",394,187,72
"412",2020-04-14,"Manhattan",443,160,59
"413",2020-04-15,"Manhattan",432,142,55
"414",2020-04-16,"Manhattan",360,111,56
"415",2020-04-17,"Manhattan",334,125,41
"416",2020-04-18,"Manhattan",189,90,57
"417",2020-04-19,"Manhattan",176,81,48
"418",2020-04-20,"Manhattan",383,93,49
"419",2020-04-21,"Manhattan",374,99,47
"420",2020-04-22,"Manhattan",388,109,37
"421",2020-04-23,"Manhattan",401,69,47
"422",2020-04-24,"Manhattan",414,92,48
"423",2020-04-25,"Manhattan",148,49,42
"424",2020-04-26,"Manhattan",98,50,34
"425",2020-04-27,"Manhattan",305,70,29
"426",2020-04-28,"Manhattan",324,72,34
"427",2020-04-29,"Manhattan",287,52,33
"428",2020-04-30,"Manhattan",218,43,34
"429",2020-05-01,"Manhattan",247,49,25
"430",2020-05-02,"Manhattan",141,29,23
"431",2020-05-03,"Manhattan",103,44,35
"432",2020-05-04,"Manhattan",219,54,19
"433",2020-05-05,"Manhattan",245,41,18
"434",2020-05-06,"Manhattan",167,37,17
"435",2020-05-07,"Manhattan",118,35,23
"436",2020-05-08,"Manhattan",100,40,13
"437",2020-05-09,"Manhattan",75,29,15
"438",2020-05-10,"Manhattan",95,32,20
"439",2020-05-11,"Manhattan",193,41,14
"440",2020-05-12,"Manhattan",164,32,14
"441",2020-05-13,"Manhattan",157,43,8
"442",2020-05-14,"Manhattan",150,30,16
"443",2020-05-15,"Manhattan",136,43,11
"444",2020-05-16,"Manhattan",54,18,10
"445",2020-05-17,"Manhattan",50,20,11
"446",2020-05-18,"Manhattan",134,28,9
"447",2020-05-19,"Manhattan",169,40,10
"448",2020-05-20,"Manhattan",169,27,12
"449",2020-05-21,"Manhattan",146,27,6
"450",2020-05-22,"Manhattan",156,35,5
"451",2020-05-23,"Manhattan",48,21,7
"452",2020-05-24,"Manhattan",70,29,6
"453",2020-05-25,"Manhattan",71,24,12
"454",2020-05-26,"Manhattan",127,29,6
"455",2020-05-27,"Manhattan",110,28,9
"456",2020-05-28,"Manhattan",97,26,3
"457",2020-05-29,"Manhattan",74,31,5
"458",2020-05-30,"Manhattan",39,13,12
"459",2020-05-31,"Manhattan",25,14,5
"460",2020-06-01,"Manhattan",79,22,3
"461",2020-06-02,"Manhattan",72,25,9
"462",2020-06-03,"Manhattan",78,24,7
"463",2020-06-04,"Manhattan",87,15,8
"464",2020-06-05,"Manhattan",57,10,7
"465",2020-06-06,"Manhattan",32,8,2
"466",2020-06-07,"Manhattan",25,6,1
"467",2020-06-08,"Manhattan",75,8,3
"468",2020-06-09,"Manhattan",67,7,9
"469",2020-06-10,"Manhattan",67,9,2
"470",2020-06-11,"Manhattan",56,4,2
"471",2020-06-12,"Manhattan",62,6,3
"472",2020-06-13,"Manhattan",23,3,3
"473",2020-06-14,"Manhattan",30,6,2
"474",2020-06-15,"Manhattan",59,4,3
"475",2020-06-16,"Manhattan",67,5,3
"476",2020-06-17,"Manhattan",68,5,3
"477",2020-06-18,"Manhattan",58,5,4
"478",2020-06-19,"Manhattan",58,4,4
"479",2020-06-20,"Manhattan",44,5,2
"480",2020-06-21,"Manhattan",30,3,4
"481",2020-06-22,"Manhattan",62,6,4
"482",2020-06-23,"Manhattan",76,5,5
"483",2020-06-24,"Manhattan",73,5,3
"484",2020-06-25,"Manhattan",46,4,4
"485",2020-06-26,"Manhattan",65,4,6
"486",2020-06-27,"Manhattan",41,6,2
"487",2020-06-28,"Manhattan",41,4,7
"488",2020-06-29,"Manhattan",80,4,3
"489",2020-06-30,"Manhattan",95,5,4
"490",2020-07-01,"Manhattan",83,6,2
"491",2020-07-02,"Manhattan",82,5,9
"492",2020-07-03,"Manhattan",47,3,2
"493",2020-07-04,"Manhattan",32,7,2
"494",2020-07-05,"Manhattan",32,5,4
"495",2020-07-06,"Manhattan",79,5,5
"496",2020-07-07,"Manhattan",89,8,2
"497",2020-07-08,"Manhattan",119,7,3
"498",2020-07-09,"Manhattan",90,5,2
"499",2020-07-10,"Manhattan",51,1,1
"500",2020-07-11,"Manhattan",46,6,4
"501",2020-07-12,"Manhattan",42,4,0
"502",2020-07-13,"Manhattan",78,4,5
"503",2020-07-14,"Manhattan",79,6,2
"504",2020-07-15,"Manhattan",69,1,1
"505",2020-07-16,"Manhattan",89,6,2
"506",2020-07-17,"Manhattan",111,7,3
"507",2020-07-18,"Manhattan",36,7,2
"508",2020-07-19,"Manhattan",34,1,3
"509",2020-07-20,"Manhattan",80,4,2
"510",2020-07-21,"Manhattan",67,1,0
"511",2020-07-22,"Manhattan",58,5,0
"512",2020-07-23,"Manhattan",65,8,0
"513",2020-07-24,"Manhattan",57,2,0
"514",2020-07-25,"Manhattan",34,1,1
"515",2020-07-26,"Manhattan",17,5,0
"516",2020-07-27,"Manhattan",71,4,1
"517",2020-07-28,"Manhattan",59,2,2
"518",2020-07-29,"Manhattan",52,3,1
"519",2020-07-30,"Manhattan",45,2,1
"520",2020-07-31,"Manhattan",51,9,1
"521",2020-08-01,"Manhattan",33,5,1
"522",2020-08-02,"Manhattan",25,3,0
"523",2020-08-03,"Manhattan",57,4,1
"524",2020-08-04,"Manhattan",38,4,1
"525",2020-08-05,"Manhattan",47,1,3
"526",2020-08-06,"Manhattan",55,5,1
"527",2020-08-07,"Manhattan",50,4,0
"528",2020-08-08,"Manhattan",21,2,3
"529",2020-08-09,"Manhattan",18,4,0
"530",2020-08-10,"Manhattan",50,3,1
"531",2020-08-11,"Manhattan",43,0,2
"532",2020-08-12,"Manhattan",42,6,0
"533",2020-08-13,"Manhattan",49,3,0
"534",2020-08-14,"Manhattan",44,4,1
"535",2020-08-15,"Manhattan",25,2,2
"536",2020-08-16,"Manhattan",22,0,0
"537",2020-08-17,"Manhattan",56,4,1
"538",2020-08-18,"Manhattan",61,2,0
"539",2020-08-19,"Manhattan",51,7,0
"540",2020-08-20,"Manhattan",31,6,0
"541",2020-08-21,"Manhattan",48,2,0
"542",2020-08-22,"Manhattan",29,6,1
"543",2020-08-23,"Manhattan",14,2,1
"544",2020-08-24,"Manhattan",49,3,0
"545",2020-08-25,"Manhattan",46,5,0
"546",2020-08-26,"Manhattan",43,1,0
"547",2020-08-27,"Manhattan",16,0,0
"548",2020-08-28,"Manhattan",10,0,0
"549",2020-08-29,"Manhattan",0,0,0
"550",2020-02-29,"Queens",0,2,0
"551",2020-03-01,"Queens",0,2,0
"552",2020-03-02,"Queens",0,4,0
"553",2020-03-03,"Queens",1,5,0
"554",2020-03-04,"Queens",2,3,0
"555",2020-03-05,"Queens",0,6,0
"556",2020-03-06,"Queens",1,5,0
"557",2020-03-07,"Queens",3,3,0
"558",2020-03-08,"Queens",5,5,0
"559",2020-03-09,"Queens",10,8,0
"560",2020-03-10,"Queens",24,23,0
"561",2020-03-11,"Queens",40,30,1
"562",2020-03-12,"Queens",80,28,0
"563",2020-03-13,"Queens",166,50,0
"564",2020-03-14,"Queens",194,58,1
"565",2020-03-15,"Queens",231,65,1
"566",2020-03-16,"Queens",529,108,4
"567",2020-03-17,"Queens",649,111,3
"568",2020-03-18,"Queens",834,151,10
"569",2020-03-19,"Queens",1066,162,6
"570",2020-03-20,"Queens",1184,224,9
"571",2020-03-21,"Queens",948,227,14
"572",2020-03-22,"Queens",696,225,14
"573",2020-03-23,"Queens",1189,333,28
"574",2020-03-24,"Queens",1392,362,35
"575",2020-03-25,"Queens",1574,400,32
"576",2020-03-26,"Queens",1642,426,60
"577",2020-03-27,"Queens",1578,416,58
"578",2020-03-28,"Queens",1201,435,93
"579",2020-03-29,"Queens",1077,456,95
"580",2020-03-30,"Queens",1858,556,99
"581",2020-03-31,"Queens",1806,561,97
"582",2020-04-01,"Queens",1779,529,144
"583",2020-04-02,"Queens",1818,562,140
"584",2020-04-03,"Queens",1760,517,160
"585",2020-04-04,"Queens",1201,470,158
"586",2020-04-05,"Queens",1136,390,182
"587",2020-04-06,"Queens",1920,531,202
"588",2020-04-07,"Queens",1945,525,183
"589",2020-04-08,"Queens",1853,511,182
"590",2020-04-09,"Queens",1556,451,172
"591",2020-04-10,"Queens",1329,448,155
"592",2020-04-11,"Queens",984,351,163
"593",2020-04-12,"Queens",919,308,174
"594",2020-04-13,"Queens",975,348,193
"595",2020-04-14,"Queens",1300,382,163
"596",2020-04-15,"Queens",1179,301,151
"597",2020-04-16,"Queens",1139,287,132
"598",2020-04-17,"Queens",1099,286,122
"599",2020-04-18,"Queens",704,213,136
"600",2020-04-19,"Queens",868,187,136
"601",2020-04-20,"Queens",1222,222,126
"602",2020-04-21,"Queens",936,210,103
"603",2020-04-22,"Queens",1110,177,86
"604",2020-04-23,"Queens",788,154,107
"605",2020-04-24,"Queens",773,165,98
"606",2020-04-25,"Queens",540,117,81
"607",2020-04-26,"Queens",331,126,90
"608",2020-04-27,"Queens",723,122,91
"609",2020-04-28,"Queens",892,118,73
"610",2020-04-29,"Queens",692,119,81
"611",2020-04-30,"Queens",592,112,67
"612",2020-05-01,"Queens",620,109,76
"613",2020-05-02,"Queens",333,87,61
"614",2020-05-03,"Queens",248,79,55
"615",2020-05-04,"Queens",432,82,55
"616",2020-05-05,"Queens",462,68,45
"617",2020-05-06,"Queens",444,67,58
"618",2020-05-07,"Queens",357,66,41
"619",2020-05-08,"Queens",343,57,48
"620",2020-05-09,"Queens",256,43,33
"621",2020-05-10,"Queens",85,37,36
"622",2020-05-11,"Queens",376,70,27
"623",2020-05-12,"Queens",313,56,18
"624",2020-05-13,"Queens",307,56,30
"625",2020-05-14,"Queens",332,68,23
"626",2020-05-15,"Queens",265,66,27
"627",2020-05-16,"Queens",135,61,21
"628",2020-05-17,"Queens",106,38,26
"629",2020-05-18,"Queens",273,50,20
"630",2020-05-19,"Queens",288,49,12
"631",2020-05-20,"Queens",250,47,26
"632",2020-05-21,"Queens",310,39,9
"633",2020-05-22,"Queens",228,50,28
"634",2020-05-23,"Queens",129,46,14
"635",2020-05-24,"Queens",118,28,13
"636",2020-05-25,"Queens",107,47,12
"637",2020-05-26,"Queens",261,45,9
"638",2020-05-27,"Queens",164,54,18
"639",2020-05-28,"Queens",175,36,10
"640",2020-05-29,"Queens",213,53,14
"641",2020-05-30,"Queens",106,25,17
"642",2020-05-31,"Queens",70,31,15
"643",2020-06-01,"Queens",140,36,15
"644",2020-06-02,"Queens",162,37,15
"645",2020-06-03,"Queens",150,29,9
"646",2020-06-04,"Queens",138,15,9
"647",2020-06-05,"Queens",104,17,5
"648",2020-06-06,"Queens",98,9,11
"649",2020-06-07,"Queens",74,6,10
"650",2020-06-08,"Queens",145,15,15
"651",2020-06-09,"Queens",128,8,10
"652",2020-06-10,"Queens",110,11,8
"653",2020-06-11,"Queens",114,8,8
"654",2020-06-12,"Queens",130,13,9
"655",2020-06-13,"Queens",73,7,2
"656",2020-06-14,"Queens",69,13,5
"657",2020-06-15,"Queens",119,11,6
"658",2020-06-16,"Queens",122,16,7
"659",2020-06-17,"Queens",91,13,8
"660",2020-06-18,"Queens",117,14,6
"661",2020-06-19,"Queens",122,4,5
"662",2020-06-20,"Queens",57,4,6
"663",2020-06-21,"Queens",60,9,11
"664",2020-06-22,"Queens",118,10,9
"665",2020-06-23,"Queens",120,10,5
"666",2020-06-24,"Queens",103,11,8
"667",2020-06-25,"Queens",83,10,4
"668",2020-06-26,"Queens",77,2,5
"669",2020-06-27,"Queens",59,4,6
"670",2020-06-28,"Queens",57,6,6
"671",2020-06-29,"Queens",131,7,7
"672",2020-06-30,"Queens",111,7,8
"673",2020-07-01,"Queens",94,7,3
"674",2020-07-02,"Queens",114,8,6
"675",2020-07-03,"Queens",65,2,6
"676",2020-07-04,"Queens",32,5,3
"677",2020-07-05,"Queens",38,11,2
"678",2020-07-06,"Queens",118,11,4
"679",2020-07-07,"Queens",107,7,4
"680",2020-07-08,"Queens",86,4,5
"681",2020-07-09,"Queens",92,9,1
"682",2020-07-10,"Queens",89,11,1
"683",2020-07-11,"Queens",84,6,5
"684",2020-07-12,"Queens",68,2,5
"685",2020-07-13,"Queens",138,9,5
"686",2020-07-14,"Queens",121,8,3
"687",2020-07-15,"Queens",88,6,7
"688",2020-07-16,"Queens",110,5,3
"689",2020-07-17,"Queens",105,14,8
"690",2020-07-18,"Queens",49,5,2
"691",2020-07-19,"Queens",46,10,0
"692",2020-07-20,"Queens",108,7,3
"693",2020-07-21,"Queens",99,5,2
"694",2020-07-22,"Queens",76,6,4
"695",2020-07-23,"Queens",63,4,4
"696",2020-07-24,"Queens",77,8,1
"697",2020-07-25,"Queens",45,6,2
"698",2020-07-26,"Queens",33,4,2
"699",2020-07-27,"Queens",78,11,1
"700",2020-07-28,"Queens",73,6,4
"701",2020-07-29,"Queens",66,3,1
"702",2020-07-30,"Queens",61,9,0
"703",2020-07-31,"Queens",59,4,1
"704",2020-08-01,"Queens",54,1,1
"705",2020-08-02,"Queens",33,10,0
"706",2020-08-03,"Queens",87,3,1
"707",2020-08-04,"Queens",47,5,2
"708",2020-08-05,"Queens",84,9,3
"709",2020-08-06,"Queens",64,7,1
"710",2020-08-07,"Queens",55,4,2
"711",2020-08-08,"Queens",40,3,0
"712",2020-08-09,"Queens",36,3,2
"713",2020-08-10,"Queens",72,7,2
"714",2020-08-11,"Queens",48,2,2
"715",2020-08-12,"Queens",83,8,0
"716",2020-08-13,"Queens",66,7,0
"717",2020-08-14,"Queens",66,9,0
"718",2020-08-15,"Queens",41,2,0
"719",2020-08-16,"Queens",40,5,0
"720",2020-08-17,"Queens",92,8,2
"721",2020-08-18,"Queens",87,9,0
"722",2020-08-19,"Queens",74,5,1
"723",2020-08-20,"Queens",54,4,2
"724",2020-08-21,"Queens",57,7,3
"725",2020-08-22,"Queens",31,4,0
"726",2020-08-23,"Queens",40,6,0
"727",2020-08-24,"Queens",75,1,0
"728",2020-08-25,"Queens",57,7,0
"729",2020-08-26,"Queens",45,2,2
"730",2020-08-27,"Queens",22,2,0
"731",2020-08-28,"Queens",7,0,0
"732",2020-08-29,"Queens",0,0,0
"733",2020-02-29,"Staten Island",0,0,0
"734",2020-03-01,"Staten Island",0,1,0
"735",2020-03-02,"Staten Island",0,0,0
"736",2020-03-03,"Staten Island",0,1,0
"737",2020-03-04,"Staten Island",0,2,0
"738",2020-03-05,"Staten Island",0,1,0
"739",2020-03-06,"Staten Island",1,2,0
"740",2020-03-07,"Staten Island",1,0,0
"741",2020-03-08,"Staten Island",1,0,0
"742",2020-03-09,"Staten Island",3,3,0
"743",2020-03-10,"Staten Island",2,5,0
"744",2020-03-11,"Staten Island",3,3,0
"745",2020-03-12,"Staten Island",13,5,0
"746",2020-03-13,"Staten Island",26,3,0
"747",2020-03-14,"Staten Island",23,8,0
"748",2020-03-15,"Staten Island",46,16,1
"749",2020-03-16,"Staten Island",91,17,0
"750",2020-03-17,"Staten Island",108,21,0
"751",2020-03-18,"Staten Island",150,24,0
"752",2020-03-19,"Staten Island",258,32,4
"753",2020-03-20,"Staten Island",310,30,3
"754",2020-03-21,"Staten Island",248,35,1
"755",2020-03-22,"Staten Island",317,32,6
"756",2020-03-23,"Staten Island",209,46,8
"757",2020-03-24,"Staten Island",349,48,6
"758",2020-03-25,"Staten Island",394,49,4
"759",2020-03-26,"Staten Island",404,48,10
"760",2020-03-27,"Staten Island",371,57,7
"761",2020-03-28,"Staten Island",266,53,13
"762",2020-03-29,"Staten Island",230,57,17
"763",2020-03-30,"Staten Island",398,68,11
"764",2020-03-31,"Staten Island",237,69,22
"765",2020-04-01,"Staten Island",263,74,16
"766",2020-04-02,"Staten Island",369,79,30
"767",2020-04-03,"Staten Island",345,63,29
"768",2020-04-04,"Staten Island",345,51,20
"769",2020-04-05,"Staten Island",323,65,22
"770",2020-04-06,"Staten Island",730,81,24
"771",2020-04-07,"Staten Island",629,70,29
"772",2020-04-08,"Staten Island",561,57,34
"773",2020-04-09,"Staten Island",297,56,25
"774",2020-04-10,"Staten Island",300,54,19
"775",2020-04-11,"Staten Island",312,49,28
"776",2020-04-12,"Staten Island",252,45,26
"777",2020-04-13,"Staten Island",185,56,25
"778",2020-04-14,"Staten Island",290,52,24
"779",2020-04-15,"Staten Island",317,33,24
"780",2020-04-16,"Staten Island",210,38,14
"781",2020-04-17,"Staten Island",280,38,15
"782",2020-04-18,"Staten Island",153,25,19
"783",2020-04-19,"Staten Island",134,31,19
"784",2020-04-20,"Staten Island",224,29,16
"785",2020-04-21,"Staten Island",216,27,11
"786",2020-04-22,"Staten Island",173,20,14
"787",2020-04-23,"Staten Island",128,19,13
"788",2020-04-24,"Staten Island",143,35,14
"789",2020-04-25,"Staten Island",88,26,9
"790",2020-04-26,"Staten Island",46,23,7
"791",2020-04-27,"Staten Island",107,20,9
"792",2020-04-28,"Staten Island",129,20,8
"793",2020-04-29,"Staten Island",124,19,14
"794",2020-04-30,"Staten Island",130,19,11
"795",2020-05-01,"Staten Island",77,12,8
"796",2020-05-02,"Staten Island",60,18,12
"797",2020-05-03,"Staten Island",35,14,15
"798",2020-05-04,"Staten Island",89,16,8
"799",2020-05-05,"Staten Island",78,12,12
"800",2020-05-06,"Staten Island",60,9,8
"801",2020-05-07,"Staten Island",60,9,4
"802",2020-05-08,"Staten Island",42,12,5
"803",2020-05-09,"Staten Island",32,7,3
"804",2020-05-10,"Staten Island",14,5,8
"805",2020-05-11,"Staten Island",27,4,3
"806",2020-05-12,"Staten Island",53,9,6
"807",2020-05-13,"Staten Island",47,9,6
"808",2020-05-14,"Staten Island",42,13,6
"809",2020-05-15,"Staten Island",33,7,6
"810",2020-05-16,"Staten Island",25,9,2
"811",2020-05-17,"Staten Island",10,4,2
"812",2020-05-18,"Staten Island",38,5,2
"813",2020-05-19,"Staten Island",42,10,5
"814",2020-05-20,"Staten Island",57,8,7
"815",2020-05-21,"Staten Island",78,9,3
"816",2020-05-22,"Staten Island",32,7,5
"817",2020-05-23,"Staten Island",37,6,2
"818",2020-05-24,"Staten Island",14,5,5
"819",2020-05-25,"Staten Island",17,6,3
"820",2020-05-26,"Staten Island",56,4,1
"821",2020-05-27,"Staten Island",43,3,2
"822",2020-05-28,"Staten Island",26,8,1
"823",2020-05-29,"Staten Island",27,10,2
"824",2020-05-30,"Staten Island",16,3,1
"825",2020-05-31,"Staten Island",12,2,2
"826",2020-06-01,"Staten Island",39,2,3
"827",2020-06-02,"Staten Island",33,6,1
"828",2020-06-03,"Staten Island",44,5,3
"829",2020-06-04,"Staten Island",29,1,2
"830",2020-06-05,"Staten Island",8,1,1
"831",2020-06-06,"Staten Island",7,0,0
"832",2020-06-07,"Staten Island",4,0,1
"833",2020-06-08,"Staten Island",16,2,0
"834",2020-06-09,"Staten Island",19,1,2
"835",2020-06-10,"Staten Island",15,2,2
"836",2020-06-11,"Staten Island",15,1,1
"837",2020-06-12,"Staten Island",18,1,0
"838",2020-06-13,"Staten Island",2,1,1
"839",2020-06-14,"Staten Island",4,0,2
"840",2020-06-15,"Staten Island",17,0,2
"841",2020-06-16,"Staten Island",21,0,0
"842",2020-06-17,"Staten Island",17,0,0
"843",2020-06-18,"Staten Island",24,0,2
"844",2020-06-19,"Staten Island",9,0,2
"845",2020-06-20,"Staten Island",6,0,2
"846",2020-06-21,"Staten Island",9,1,2
"847",2020-06-22,"Staten Island",18,2,3
"848",2020-06-23,"Staten Island",16,1,0
"849",2020-06-24,"Staten Island",13,1,1
"850",2020-06-25,"Staten Island",26,1,2
"851",2020-06-26,"Staten Island",12,3,1
"852",2020-06-27,"Staten Island",12,1,1
"853",2020-06-28,"Staten Island",11,0,2
"854",2020-06-29,"Staten Island",23,1,3
"855",2020-06-30,"Staten Island",28,2,2
"856",2020-07-01,"Staten Island",39,0,1
"857",2020-07-02,"Staten Island",17,0,4
"858",2020-07-03,"Staten Island",6,1,2
"859",2020-07-04,"Staten Island",11,0,1
"860",2020-07-05,"Staten Island",11,0,0
"861",2020-07-06,"Staten Island",28,1,0
"862",2020-07-07,"Staten Island",32,0,1
"863",2020-07-08,"Staten Island",26,1,4
"864",2020-07-09,"Staten Island",19,0,0
"865",2020-07-10,"Staten Island",14,0,1
"866",2020-07-11,"Staten Island",13,0,0
"867",2020-07-12,"Staten Island",13,0,0
"868",2020-07-13,"Staten Island",34,4,0
"869",2020-07-14,"Staten Island",20,0,0
"870",2020-07-15,"Staten Island",21,1,0
"871",2020-07-16,"Staten Island",36,0,0
"872",2020-07-17,"Staten Island",22,1,0
"873",2020-07-18,"Staten Island",19,1,0
"874",2020-07-19,"Staten Island",17,2,0
"875",2020-07-20,"Staten Island",30,3,0
"876",2020-07-21,"Staten Island",21,3,0
"877",2020-07-22,"Staten Island",20,1,0
"878",2020-07-23,"Staten Island",25,5,0
"879",2020-07-24,"Staten Island",28,2,1
"880",2020-07-25,"Staten Island",13,3,0
"881",2020-07-26,"Staten Island",19,1,0
"882",2020-07-27,"Staten Island",25,1,0
"883",2020-07-28,"Staten Island",19,3,0
"884",2020-07-29,"Staten Island",12,2,1
"885",2020-07-30,"Staten Island",13,0,0
"886",2020-07-31,"Staten Island",18,1,0
"887",2020-08-01,"Staten Island",7,2,0
"888",2020-08-02,"Staten Island",6,4,0
"889",2020-08-03,"Staten Island",17,1,0
"890",2020-08-04,"Staten Island",5,1,0
"891",2020-08-05,"Staten Island",15,0,0
"892",2020-08-06,"Staten Island",17,2,0
"893",2020-08-07,"Staten Island",5,0,0
"894",2020-08-08,"Staten Island",7,0,0
"895",2020-08-09,"Staten Island",11,1,0
"896",2020-08-10,"Staten Island",21,1,0
"897",2020-08-11,"Staten Island",17,1,0
"898",2020-08-12,"Staten Island",18,1,0
"899",2020-08-13,"Staten Island",11,0,0
"900",2020-08-14,"Staten Island",17,2,1
"901",2020-08-15,"Staten Island",9,2,0
"902",2020-08-16,"Staten Island",5,2,0
"903",2020-08-17,"Staten Island",13,0,1
"904",2020-08-18,"Staten Island",12,2,0
"905",2020-08-19,"Staten Island",18,0,0
"906",2020-08-20,"Staten Island",20,1,0
"907",2020-08-21,"Staten Island",12,0,0
"908",2020-08-22,"Staten Island",7,1,1
"909",2020-08-23,"Staten Island",7,0,0
"910",2020-08-24,"Staten Island",14,0,1
"911",2020-08-25,"Staten Island",9,0,0
"912",2020-08-26,"Staten Island",14,2,0
"913",2020-08-27,"Staten Island",6,1,0
"914",2020-08-28,"Staten Island",3,0,0
"915",2020-08-29,"Staten Island",0,0,0
